{
  "openTime": 1728922140000,
  "closeTime": 1728922440000,
  "percentChangePrice": 0.0,
  "currentPrice": 8.199999999,
  "open": 8.199999999,
  "high": 8.199999999,
  "low": 8.199999999,
  "close": 8.199999999
}
