{
  "openTime": 1730155620000,
  "closeTime": 1730155920000,
  "percentChangePrice": 0.0,
  "currentPrice": 214.89999999,
  "open": 214.89999999,
  "high": 214.89999999,
  "low": 214.89999999,
  "close": 214.89999999
}
